use QLBH
go


INSERT DOITAC 
VALUES
  ('LWKHBG','volutpat.','Jerome Jimenez',N'Quảng Ninh','scelerisque.mollis@outlook.com',N'Hạ Long',1,289,N'cơm','0942-091-620','12/17/2022',7,5170921),
  ('XQEMBU','faucibus','Sasha Aguilar',N'Long An','dictum@hotmail.com',N'Tân An',10,232,N'cơm','0755-878-573','5/27/2021',7,9373565),
  ('FYPRTE','risus.','Felix Cardenas',N'Tây Ninh','pharetra@outlook.com',N'Tây Ninh',9,159,N'cơm','0233-668-649','05/16/2022',4,5057305),
  ('GSELKK','justo faucibus lectus,',N'Fiona Johnston','Tây Ninh','libero.morbi@outlook.com',N'Tây Ninh',2,253,N'mỳ','0314-368-536','07/16/2022',6,7925457),
  ('WPDASO','ipsum cursus','Jordan Keith',N'Đồng Nai','est.arcu@yahoo.com',N'Biên Hòa',8,167,N'mỳ','0314-479-288','3/25/2022',1,5361691),
  ('CLJPAG','et magnis dis','Philip Barton',N'Bến Tre','taciti.sociosqu.ad@aol.com',N'Bến Tre',6,271,N'mỳ','0460-853-284','2/13/2022',9,8236379),
  ('JNHYPY','est. Nunc ullamcorper,','Hiram Hodge',N'Nghệ An','augue.malesuada@hotmail.com',N'Vinh',7,176,N'bánh mì','0124-254-306','11/17/2022',0,8060731),
  ('XTZCUE','massa','Noel Hancock',N'Đắk Lắk','nec@outlook.com',N'Buôn Ma Thuột',6,198,N'bánh mì','0687-137-848','6/24/2022',7,1681112),
  ('NMXRTO','risus.','Claire Spears',N'Bình Định','vivamus@icloud.com',N'Quy Nhơn',1,246,N'bánh mì','0265-627-885','10/24/2021',8,5771949),
  ('DIYOUQ','ligula eu enim.','Blake Lancaster',N'Hải Phòng','nunc@icloud.com',N'Hải Phòng',5,224,N'hủ tíu','0358-807-683','01/24/2022',5,9872692);


INSERT INTO THUCDON 
VALUES
  (1,'LWKHBG',89),
  (2,'XQEMBU',93),
  (3,'FYPRTE',92),
  (4,'GSELKK',82),
  (5,'WPDASO',91),
  (6,'CLJPAG',62),
  (7,'JNHYPY',51),
  (8,'XTZCUE',100),
  (9,'NMXRTO',78),
  (10,'DIYOUQ',60);

INSERT INTO MonAn
VALUES
  (N'Cơm tấm bì',1, N'Rẻ bổ',63588, N'Còn',6),
  (N'Cơm chiên',2, N'Tốt rẻ',90221, N'Còn',8),
  (N'Cơm sườn mặn',3,N'Rẻ bổ',79867,N'Hết hàng',9),
  (N'Bánh mì thịt',4,N'Rẻ bổ',70753,N'Hết hàng',10),
  (N'Cơm tấm',5,N'Tốt rẻ',53757,N'Còn',7),
  (N'Cơm chiên thập cẩm',6,N'Tốt rẻ',68203,N'Còn',8),
  (N'Cơm sườn chua ngọt',7, N'Tốt rẻ',57505, N'Hết hàng',9),
  (N'Bánh mì chả',8, N'Tốt rẻ',95802, N'Hết hàng',10),
  (N'Hủ tíu',9, N'Tốt rẻ',44443, N'Còn',7),
  (N'Mì ý',10, N'Tốt rẻ',71791,N'Còn',9),
  (N'Bún bò',1,N'ngon',12345,N'còn',9);

INSERT INTO TUYCHON
VALUES
  (N'Cơm tấm bì','Lorem ipsum dolor sit amet, consectetuer adipiscing elit.'),
  (N'Cơm chiên','Lorem ipsum dolor sit'),
  (N'Cơm chiên','Lorem ipsum dolor'),
  (N'Cơm sườn mặn','Lorem ipsum dolor sit amet,'),
  (N'Bánh mì thịt','Lorem ipsum dolor sit amet, consectetuer'),
  (N'Bánh mì thịt','Lorem ipsum dolor sit amet,'),
  (N'Cơm chiên thập cẩm','Lorem ipsum dolor'),
  (N'Cơm chiên thập cẩm','Lorem ipsum dolor ablbama'),
  (N'Mì ý','Lorem ipsum'),
  (N'Mì ý','Lorem ipsum dolor');

INSERT INTO HOPDONG
VALUES
  ('XU758598','LWKHBG',N'Driscoll Goff','KWIK7483',8,'4776367454',N'158 Metus. Road','10.16','2/3/2022'),
  ('NM171575','XQEMBU',N'Georgia Castillo','SPEP9631',8,'8356559147',N'8096 Volutpat','9.63','9/12/2023'),
  ('WO188854','FYPRTE',N'Galvin Shaffer','LBTR3144',3,'4733553283',N'174/2983 Porttitor Ave','10.08','6/8/2022'),
  ('BV775974','GSELKK',N'Quamar Reese','UWUO4287',9,'1817622725',N'742-1533 Massa. Street','9.90','9/11/2022'),
  ('CR255742','WPDASO',N'Desirae Farley','IURS4143',1,'2476368216',N'7555 Ipsum Ave','9.72','7/2/2023'),
  ('SJ151723','CLJPAG',N'Orla Whitley','VEUB6266',2,'9535167427',N'2488 Et Street','10.56','11/3/2023'),
  ('SX211816','JNHYPY',N'Thomas Mcleod','NXIN7058',2,'8673563327',N'Ap 343-6661 Nec, Ave','9.88','1/4/2023'),
  ('NW617712','XTZCUE',N'Athena Long','OLSU6815',8,'7868247462',N'717/25 Lectus Ave','10.31','7/4/2022'),
  ('FK854044','NMXRTO',N'Judith Conner','RGUE5488',4,'2478727412',N'Ap 178-5589 Augue ','9.74','1/1/2022'),
  ('UM525604','DIYOUQ',N'Elvis Byers','BFUO9672',1,'8767346373',N'8449 Eleifend Av','9.84','11/10/2023');

INSERT INTO TAIXE
VALUES
  ('W9F-6F8',N'Hop Griffin','2424 7141 1115','0936-917-961',N'Hồ Chí Minh City','46 D8-29941','nec@google.com','0564431521',10,595587),
  ('V7R-4X4',N'Jesse Buchanan','8975 9767 1607','0366-537-856',N'Da Lat','57 K8-77615','vehla@hotmail.com','1363867865',8,347831),
  ('E2M-7J1',N'Caesar Rich','8772 6818 0661','0827-548-842',N'Quảng Ngãi','84 F4-42140','maleda@icloud.com','3917749529',7,333543),
  ('E0Q-8O0',N'Darryl Montgomery','3168 5625 5664','0597-991-233',N'Tuyên Quang','14 U6-17566','consetuer@icloud.com','4463505753',7,202374),
  ('I9Y-5J5',N'Cheyenne Jenkins','5184 1862 2633','0643-744-354',N'Gia Nghĩa','25 Y3-84359','etiam@hotmail.com','3702234112',7,694720),
  ('N7C-2G7',N'Britanney Barrera','2362 3465 1461','0655-266-775',N'Cao Bằng','18 B4-19351','vel@outlook.com','0657281246',5,400674),
  ('X7P-1B8',N'Ruby Donaldson','2505 8599 8559','0473-727-832',N'Hà Nội','69 L6-72777','eleifend@hotmail.com','4342825615',10,639923),
  ('V4Z-3W5',N'Paula Burch','6416 2635 5695','0445-178-475',N'Rạch Giá','28 G8-51173','ultr@hotmail.com','0832138363',9,486531),
  ('V0V-4D5',N'Beatrice Fox','8385 2855 6663','0559-775-762',N'Sóc Trăng','62 T4-14566','nullaiais@outlook.com','3258426263',8,513723),
  ('Q8E-4S2',N'Ulric Bullock','0015 6290 7072','0554-618-636',N'Rạch Giá','47 U6-78462','aliquam@hotmail.com','7070696755',7,557909);

INSERT INTO CUAHANG
VALUES
  ('Z7N2E7','LWKHBG','6337 Eu Street','7:18 AM', N'Hoạt động'),
  ('J8B6Q1','XQEMBU','Ap #398-8843 Placerat. Street','10:37 PM', N'Hoạt động'),
  ('K7O4Y4','FYPRTE','8405 Per Av.','9:24 PM', N'Đóng cửa'),
  ('H9W2J1','WPDASO','6241 Arcu Street','1:33 PM', N'Đóng cửa'),
  ('Y2Y2O1','WPDASO','P.O. Box 992, 789 Semper, St.','8:45 AM', N'Tạm ngưng'),
  ('F0H1G2','CLJPAG','170-8132 Maecenas Avenue','1:25 PM', N'Tạm ngưng'),
  ('H3Y3L7','JNHYPY','3510 Sed St.','9:51 AM', N'Hoạt động'),
  ('B8K9W7','XTZCUE', N'77/44 Ba Đình, Hà Nội','8:21 AM', N'Hoạt động'),
  ('S7W4C6','NMXRTO','Ap #547-1255 Mauris Av.','2:18 PM', N'Đóng cửa'),
  ('H7A1O3','DIYOUQ','P.O. Box 799, 6320 Erat, St.','11:44 AM', N'Đóng cửa');

INSERT INTO KHACHHANG
VALUES
  ('O6P-6T6',N'Francis Ballard','0246-655-577',N'P.O. Box 311, 4097 Ligula. St.','francisballar@google.com','2753 6818 4502'),
  ('P1C-8O2',N'Aimee Morrison','0376-528-568',N'4185 Egestas. Street','aimrrison@google.com','3482 4544 1269'),
  ('R2X-8D3',N'Solomon Mitchell','0421-684-545',N'P.O. Box 391, 4997 Blandit Ave','solomonmitchell@google.com','4904 3302 8334'),
  ('V6L-6S2',N'Lev Conley','0834-843-528',N'P.O. Box 256, 6826 Donec St.','levconley@google.com','6583 7434 1014'),
  ('Y6H-4W7',N'Declan Kelly','0262-358-138',N'839-3958 Praesent St.','declankelly0@google.com','9415 5913 8123'),
  ('N2N-2V3',N'Solomon Fisher','0784-449-728',N'719-964 Proin St.','solomonfisher@google.com','3254 1234 6222'),
  ('I0W-5T5',N'Iris Bradford','0535-328-985',N'P.O. Box 599, 3347 Ultrices Rd.','irisbradford@google.com','4485 3159 3442'),
  ('G8L-3R6',N'Gary Phillips','0376-554-694',N'222-9190 Turpis Rd.','garyps6907@google.com','9454 4156 4076'),
  ('L8N-8T1',N'Illiana Kidd','0774-372-624',N'576-3927 Odio. Ave','ilnakidd9726@google.com','3411 1306 8536'),
  ('W7P-3Q0',N'Cade Mcgee','0911-579-735',N'Ap #615-9419 Sem Av.','cademcgee@google.com','4745 6615 2060');

INSERT INTO DONHANG
VALUES
  ('LW790805','LWKHBG','W9F-6F8','O6P-6T6','12/13/2023','0751-867-787',30524,57513,N'Đang giao'),
  ('HS461566','XQEMBU','V7R-4X4','P1C-8O2','5/08/2022','0745-413-444',31357,148003,N'Đang giao'),
  ('VV485666','FYPRTE','E2M-7J1','R2X-8D3','10/23/2023','0736-636-422',14235,126713,N'Đang làm'),
  ('SH764126','GSELKK','E0Q-8O0','V6L-6S2','5/27/2022','0176-637-888',40346,95187,N'Đang làm'),
  ('SE617257','WPDASO','I9Y-5J5','Y6H-4W7','11/01/2023','0111-978-354',35032,87181,N'Chờ nhận'),
  ('SG712172','CLJPAG','N7C-2G7','G8L-3R6','8/15/2023','0355-285-564',47278,269294,N'Chờ nhận'),
  ('FU889072','JNHYPY','X7P-1B8','N2N-2V3','4/11/2022','0991-774-626',17090,239268,N'Bị hủy'),
  ('UQ803437','XTZCUE','V4Z-3W5','I0W-5T5','9/19/2022','0643-482-134',41584,130555,N'Bị hủy'),
  ('MW641966','NMXRTO','V0V-4D5','L8N-8T1','7/08/2023','0442-397-196',33412,254965,N'Đã xong'),
  ('RT949177','DIYOUQ','Q8E-4S2','W7P-3Q0','4/01/2022','0567-377-685',31074,206067,N'Đã xong');

update DONHANG set MATAIXE=null where TINHTRANG=N'Chờ nhận'

INSERT INTO CT_DONHANG
VALUES
  ('LW790805',N'Cơm tấm bì',2),
  ('HS461566',N'Cơm tấm bì',7),
  ('VV485666',N'Cơm chiên',4),
  ('SH764126',N'Cơm chiên',4),
  ('SE617257',N'Cơm sườn mặn',3),
  ('SG712172',N'Cơm sườn mặn',7),
  ('FU889072',N'Bánh mì thịt',7),
  ('UQ803437',N'Bánh mì thịt',6),
  ('MW641966',N'Cơm tấm',7),
  ('RT949177',N'Cơm tấm',9);

INSERT INTO CT_DANHGIA
VALUES
  ('E8G8E1','LW790805','W9F-6F8','O6P-6T6',8,7,N'auctor vitae, aliquet',N'ac mattis semper, dui'),
  ('T6E6U1','HS461566','V7R-4X4','P1C-8O2',4,5,N'orci luctus et ultrices',N'urna. Nunc'),
  ('O7K9Q3','VV485666','E2M-7J1','R2X-8D3',8,8,N'ante ipsum primis in',N'malesuada'),
  ('G3D3V5','SH764126','E0Q-8O0','V6L-6S2',5,9,N'orci',N'eros.'),
  ('F9K2Q6','SE617257','I9Y-5J5','Y6H-4W7',4,6,N'ridiculus mus. Proin vel',N'luctus felis purus ac tellus.'),
  ('P1G5E7','SG712172','N7C-2G7','N2N-2V3',5,6,N'Vestibulum ut',N'sodales elit erat'),
  ('C6Z7C2','FU889072','X7P-1B8','I0W-5T5',7,8,N'dictum. Phasellus in',N'a, dui.'),
  ('F3S3S8','UQ803437','V4Z-3W5','G8L-3R6',5,8,N'Suspendisse commodo',N'a sollicitudin orci'),
  ('T3K9H4','MW641966','V0V-4D5','L8N-8T1',9,6,N'sociis natoque penatibus et',N'montes,'),
  ('K4V5S5','RT949177','Q8E-4S2','W7P-3Q0',6,6,N'senectus',N'Aliquam vulputate ullamcorper magna. Sed');

INSERT INTO KHUVUCHD
VALUES
  ('Z4W1S1', N'Phường_3',N'Bo',N'Hòa Bình'),
  ('E5L7C5', N'Phường_10',N'Đà Nẵng',N'Đà Nẵng'),
  ('T9F1Y5', N'Phường_2',N'Rạch Giá',N'Kiên Giang'),
  ('B7I8T3', N'Phường_8',N'Việt Trì',N'Phú Thọ'),
  ('F6Z1U7', N'Phường_8',N'Thủ Dầu Một',N'Bình Dương'),
  ('Q8U3M6', N'Phường_8',N'Gia Nghĩa',N'Đắk Nông'),
  ('U4Q5Z2', N'Phường_1',N'Bạc Liêu',N'Bạc Liêu'),
  ('H1Y4U1', N'Phường_4',N'Lào Cai',N'Lào Cai'),
  ('Q7Y1R6', N'Phường_7',N'Thủ Dầu Một',N'Bình Dương'),
  ('H1N7E3', N'Phường_2',N'Ba Đình',N'Hà Nội'),
  ('W7Y0T9', N'Phường_10',N'Vinh',N'Nghệ An');


INSERT INTO HOATDONG
VALUES
  ('Z4W1S1','W9F-6F8'),
  ('E5L7C5','W9F-6F8'),
  ('T9F1Y5','W9F-6F8'),
  ('B7I8T3','W9F-6F8'),
  ('F6Z1U7','W9F-6F8'),
  ('Q8U3M6','V7R-4X4'),
  ('U4Q5Z2','V7R-4X4'),
  ('H1Y4U1','V7R-4X4'),
  ('Q7Y1R6','V7R-4X4'),
  ('W7Y0T9','V7R-4X4'),
  ('Z4W1S1','E2M-7J1'),
  ('E5L7C5','E2M-7J1'),
  ('T9F1Y5','E2M-7J1'),
  ('B7I8T3','E2M-7J1'),
  ('H1N7E3','X7P-1B8'),
  ('F6Z1U7','E2M-7J1');

